[{"date":"01.02.2021","time":"01:41","currency":"EUR","country":"Germany","address":{"index":"online","city":"online","street":"online","houseNumber":"online"},"payMethod":"N26 card","shopName":"Mango"},{"date":"01.02.2021","time":"00:00","currency":"EUR","country":"Germany","address":{"index":"online","city":"online","street":"online","houseNumber":"online"},"payMethod":"EC card","shopName":"OVB","products":[{"name":"Basler LV AG","price":70,"weightAmount":1,"measure":"piece","discount":0},{"name":"Hansemerkur Versicherung","price":160,"weightAmount":1,"measure":"piece","discount":0}]},{"date":"01.02.2021","time":"20:41","currency":"EUR","country":"Germany","address":{"index":"22529","city":"Hamburg","street":"Troplowitzstrasse","houseNumber":"7"},"payMethod":"EC card","shopName":"PENNY","products":[{"name":"Edelsalami","price":1.39,"weightAmount":1,"measure":"piece","discount":0},{"name":"PENNY Edamer","price":1.99,"weightAmount":1,"measure":"piece","discount":0},{"name":"Zitrone","price":0.69,"weightAmount":1,"measure":"piece","discount":0},{"name":"Tomaten Rispen","price":1.99,"weightAmount":0.67,"measure":"kg","discount":0},{"name":"Bärenmarke Die frische Milch 3,8%","price":1.29,"weightAmount":1,"measure":"piece","discount":0},{"name":"Uncle Bens Reis","price":1.99,"weightAmount":2,"measure":"piece","discount":0},{"name":"Lindt Creation Himbeere De Luxe","price":1.99,"weightAmount":3,"measure":"piece","discount":0}]}]