[{"date":"02.03.2021","time":"22:13","currency":"EUR","country":"Germany","address":{"index":"22529","city":"Hamburg","street":"Troplowitzstrasse","houseNumber":"8"},"payMethod":"EC card","shopName":"REWE","products":[{"name":"Muen. Weisswurst","price":2.69,"weightAmount":1,"measure":"piece","discount":0},{"name":"JA! Gouda Jung","price":1.99,"weightAmount":1,"measure":"piece","discount":0},{"name":"JA! Maasdamer","price":1.99,"weightAmount":1,"measure":"piece","discount":0},{"name":"Steinofenbrot","price":1.39,"weightAmount":1,"measure":"piece","discount":0},{"name":"JA! Dill-Sahne-Heringsfilet","price":1.39,"weightAmount":1,"measure":"piece","discount":0},{"name":"Banane","price":1.99,"weightAmount":1.222,"measure":"kg","description":"Chiquita","discount":0},{"name":"Romatomaten","price":3.29,"weightAmount":1,"measure":"piece","discount":0},{"name":"Salatgurke","price":0.59,"weightAmount":2,"measure":"piece","discount":0},{"name":"Weidebutter Sues","price":1.39,"weightAmount":1,"measure":"piece","discount":0},{"name":"Wiedemilch 3.9%","price":0.85,"weightAmount":2,"measure":"piece","discount":0},{"name":"Kefir Natur 1.5%","price":0.99,"weightAmount":3,"measure":"piece","discount":0},{"name":"Schmand 24%","price":1.25,"weightAmount":2,"measure":"piece","discount":0},{"name":"Fusil Tricol Bro","price":0.99,"weightAmount":2,"measure":"piece","discount":0},{"name":"Nestle Honey Cheerios","price":2.99,"weightAmount":1,"measure":"piece","discount":0},{"name":"Kakao zum Backen","price":1.99,"weightAmount":1,"measure":"piece","discount":0},{"name":"Steak Sauce","price":0.69,"weightAmount":1,"measure":"piece","discount":0},{"name":"Lay's","price":1.59,"weightAmount":1,"measure":"piece","discount":0},{"name":"Classic Paprika","price":1.59,"weightAmount":1,"measure":"piece","discount":0},{"name":"Gelee-Bananen","price":1.19,"weightAmount":2,"measure":"piece","discount":0},{"name":"Gelee-Schoko-Mix","price":2.99,"weightAmount":1,"measure":"piece","discount":0},{"name":"Mineralwasser","price":0.69,"weightAmount":3,"measure":"piece","description":"Gerolsteiner","discount":0},{"name":"JA! Geschirrspülmittel Classic","price":0.85,"weightAmount":1,"measure":"piece","discount":0},{"name":"Hygiene Spray","price":1.79,"weightAmount":1,"measure":"piece","discount":0},{"name":"Pfand","price":0.15,"weightAmount":3,"measure":"piece","discount":0}]}]