[{"date":"04.01.2021","time":"22:19","currency":"EUR","country":"Germany","address":{"index":"22529","city":"Hamburg","street":"Troplowitzstrasse","houseNumber":"8"},"payMethod":"EC card","shopName":"REWE","products":[{"name":"Tilsiter 45% Sch","price":1.93,"weightAmount":1,"measure":"piece","discount":0},{"name":"Deli.Schw.Braten","price":1.99,"weightAmount":1,"measure":"piece","discount":0},{"name":"JA! Maasdamer","price":1.93,"weightAmount":1,"measure":"piece","discount":0},{"name":"Steinofenbrot","price":1.39,"weightAmount":1,"measure":"piece","discount":0},{"name":"Sonnenkern","price":1.39,"weightAmount":1,"measure":"piece","discount":0},{"name":"Zitrone","price":0.59,"weightAmount":1,"measure":"piece","discount":0},{"name":"Banane BIO","price":1.89,"weightAmount":1.436,"measure":"kg","discount":0},{"name":"Heidelbeere","price":3.23,"weightAmount":1,"measure":"piece","discount":0},{"name":"Obst/Gemuese","price":1.49,"weightAmount":1,"measure":"piece","discount":0},{"name":"Salatgurke","price":0.45,"weightAmount":2,"measure":"piece","discount":0},{"name":"Feine Butter","price":1.26,"weightAmount":1,"measure":"piece","discount":0},{"name":"Wiedemilch 3.9%","price":0.85,"weightAmount":2,"measure":"piece","discount":0},{"name":"Kefir Natur 1.5%","price":0.69,"weightAmount":2,"measure":"piece","discount":0},{"name":"Speisequark Mag.","price":0.69,"weightAmount":1,"measure":"piece","discount":0},{"name":"Ofenfr. BBQ-Pork","price":2.69,"weightAmount":1,"measure":"piece","discount":0},{"name":"Schlaf+Nerventee","price":1.09,"weightAmount":1,"measure":"piece","discount":0},{"name":"Miracel Whip","price":1.54,"weightAmount":1,"measure":"piece","discount":0},{"name":"Gelee-Bananen","price":1.15,"weightAmount":1,"measure":"piece","discount":0},{"name":"Interdentalb.Bl.","price":4.49,"weightAmount":1,"measure":"piece","discount":0}]},{"date":"04.01.2021","time":"05:03","currency":"EUR","country":"Germany","address":{"index":"online","city":"online","street":"online","houseNumber":"online"},"payMethod":"N26 card","shopName":"Netflix","products":[{"name":"Netflix","price":11.99,"weightAmount":1,"measure":"piece","description":"Abon­ne­ment. Per month","discount":0}]},{"date":"04.01.2021","time":"00:00","currency":"EUR","country":"Germany","address":{"index":"online","city":"online","street":"online","houseNumber":"online"},"payMethod":"EC card","shopName":"OVB","products":[{"name":"Basler LV AG","price":70,"weightAmount":1,"measure":"piece","discount":0},{"name":"Hansemerkur Versicherung","price":160,"weightAmount":1,"measure":"piece","discount":0}]}]