[{"date":"04.02.2021","time":"06:15","currency":"EUR","country":"Germany","address":{"index":"online","city":"online","street":"online","houseNumber":"online"},"payMethod":"N26 card","shopName":"Netflix.com","products":[{"name":"Netflix","price":11.99,"weightAmount":1,"measure":"piece","description":"Abbonnement. Per month","discount":0}]},{"date":"04.02.2021","time":"21:32","currency":"EUR","country":"Germany","address":{"index":"22529","city":"Hamburg","street":"Troplowitzstrasse","houseNumber":"8"},"payMethod":"EC card","shopName":"REWE","products":[{"name":"Banane","price":1.89,"weightAmount":0.798,"measure":"kg","description":"BIO","discount":0},{"name":"Apfel","price":2.99,"weightAmount":1.618,"measure":"kg","description":"Granny Smith","discount":0},{"name":"Melonen","price":2.89,"weightAmount":1,"measure":"piece","description":"Galia","discount":0},{"name":"Diamant Mehl","price":0.99,"weightAmount":1,"measure":"piece","discount":0},{"name":"Agar-Agar","price":1.29,"weightAmount":1,"measure":"piece","description":"BIO","discount":0},{"name":"Backhefe","price":1.59,"weightAmount":1,"measure":"piece","description":"BIO","discount":0},{"name":"Sushi Nori","price":2.29,"weightAmount":1,"measure":"piece","discount":0},{"name":"Mentos Fruit","price":0.49,"weightAmount":1,"measure":"piece","discount":0}]}]