[{"date":"05.01.2021","time":"21:00","currency":"EUR","country":"Germany","address":{"index":"22529","city":"Hamburg","street":"Osterfeldestrasse","houseNumber":"39"},"payMethod":"EC card","shopName":"ALDI","products":[{"name":"Glade Gel Lufterfrischer","price":3.19,"weightAmount":1,"measure":"piece","description":"Zwi. Summe","discount":0},{"name":"Dragee Mandeln/Haselnüsse","price":1.69,"weightAmount":1,"measure":"piece","discount":0},{"name":"Bledn-a-med Zahncreme","price":0.99,"weightAmount":1,"measure":"piece","discount":0},{"name":"Makrelenf. geräuchert","price":1.79,"weightAmount":1,"measure":"piece","discount":0},{"name":"Kandierter Ingwer, Sort.","price":1.99,"weightAmount":1,"measure":"piece","discount":0},{"name":"Mousse au Chocolat","price":1.39,"weightAmount":1,"measure":"piece","discount":0},{"name":"Königin Pasteten","price":0.96,"weightAmount":1,"measure":"piece","discount":0},{"name":"Hackfleisch gemischt","price":4.29,"weightAmount":1,"measure":"piece","description":"800g .-QS","discount":0},{"name":"Blätterteig Kirschkissen","price":0.69,"weightAmount":2,"measure":"piece","discount":0}]}]