[{"date":"05.02.2021","time":"20:31","currency":"EUR","country":"Germany","address":{"index":"22529","city":"Hamburg","street":"Grelckstraße","houseNumber":"34"},"payMethod":"EC card","shopName":"REWE","products":[{"name":"JA! Gouda Jung","price":1.99,"weightAmount":1,"measure":"piece","discount":0},{"name":"JA! Maasdamer","price":1.99,"weightAmount":1,"measure":"piece","discount":0},{"name":"JA! Mozzarella","price":0.59,"weightAmount":1,"measure":"piece","discount":0},{"name":"Rauecherlachs","price":3.49,"weightAmount":1,"measure":"piece","discount":0},{"name":"Zitronen-Fix","price":0.99,"weightAmount":1,"measure":"piece","discount":0},{"name":"Wasabi","price":2.49,"weightAmount":1,"measure":"piece","discount":0},{"name":"Soja-Sauce","price":2.35,"weightAmount":1,"measure":"piece","description":"Orig.","discount":0},{"name":"FFP-2 Masken","price":0.99,"weightAmount":1,"measure":"piece","discount":0},{"name":"Wunsch-Los","price":-0.5,"weightAmount":1,"measure":"piece","discount":0}]}]