[{"date":"06.02.2021","time":"16:16","currency":"EUR","country":"Germany","address":{"index":"online","city":"online","street":"online","houseNumber":"online"},"payMethod":"N26 card","shopName":"Innovativelanguage.com","products":[{"name":"Podcast 101","price":20.92,"weightAmount":1,"measure":"piece","description":"Norwegian language. Abbonnement","discount":0}]},{"date":"06.02.2021","time":"18:42","currency":"EUR","country":"Germany","address":{"index":"online","city":"online","street":"online","houseNumber":"online"},"payMethod":"N26 card","shopName":"Amazon.de","products":[{"name":"Fahrradreifen","price":21.44,"weightAmount":1,"measure":"piece","description":"Schwalbe Reifen Marathon HS420 40-622, Schwarz, 28x1.50 700x38C","discount":0},{"name":"Tageslinsen","price":33.13,"weightAmount":1,"measure":"piece","description":"SofLens daily disposable Tageslinsen weich, 90 Stück","discount":0}]},{"date":"06.02.2021","time":"20:35","currency":"EUR","country":"Germany","address":{"index":"22529","city":"Hamburg","street":"Osterfeldestrasse","houseNumber":"39"},"payMethod":"EC card","shopName":"ALDI","products":[{"name":"Erdnusskerne","price":0.79,"weightAmount":2,"measure":"piece","discount":0},{"name":"Mentos Kaudragee","price":1.49,"weightAmount":1,"measure":"piece","discount":0},{"name":"Edelspiralen","price":1,"weightAmount":1,"measure":"piece","discount":0},{"name":"Dragee Mandeln/Haselnüsse","price":1.69,"weightAmount":1,"measure":"piece","discount":0},{"name":"Marmelade Fruchtaufstrich","price":0.75,"weightAmount":1,"measure":"piece","discount":0},{"name":"Schinken-Schnitzel","price":3.79,"weightAmount":1,"measure":"piece","description":"QS","discount":0},{"name":"Rind Hackfleisch","price":4.69,"weightAmount":1,"measure":"piece","description":"QS","discount":0},{"name":"Pril","price":1.15,"weightAmount":1,"measure":"piece","description":"Limited Edition","discount":0},{"name":"Uludag Getränk","price":0.79,"weightAmount":1,"measure":"piece","discount":0},{"name":"Pfand","price":0.25,"weightAmount":1,"measure":"piece","description":"Uludag Getränk","discount":0},{"name":"Universalgewürz","price":0.99,"weightAmount":1,"measure":"piece","discount":0},{"name":"Zentis Nusspli Belmandel","price":1.39,"weightAmount":1,"measure":"piece","discount":0},{"name":"Hamburger Mix","price":0.79,"weightAmount":1,"measure":"piece","discount":0},{"name":"Obstriegel","price":0.99,"weightAmount":1,"measure":"piece","discount":0},{"name":"Blätterteig Kirschkissen","price":0.69,"weightAmount":2,"measure":"piece","discount":0},{"name":"Dragee Mandeln/Haselnüsse","price":1.69,"weightAmount":1,"measure":"piece","discount":0},{"name":"Müller Kalinka Kefir","price":0.99,"weightAmount":1,"measure":"piece","discount":0},{"name":"Puderzucker","price":0.29,"weightAmount":1,"measure":"piece","discount":0},{"name":"Bioplastik-Knotenbeutel","price":0.01,"weightAmount":1,"measure":"piece","discount":0},{"name":"Schoko-Datteln","price":2.99,"weightAmount":1,"measure":"piece","discount":0},{"name":"Bärenmarke Die frische Milch 3,8%","price":1.29,"weightAmount":1,"measure":"piece","discount":0},{"name":"Miracel Whip","price":1.79,"weightAmount":1,"measure":"piece","discount":0},{"name":"Feuchte Allzwecktücher","price":1.99,"weightAmount":1,"measure":"piece","discount":0},{"name":"Hirtenkäse","price":1.19,"weightAmount":1,"measure":"piece","discount":0},{"name":"Bauernschnitten","price":0.69,"weightAmount":1,"measure":"piece","discount":0},{"name":"Backpapierzuschnitte","price":0.95,"weightAmount":1,"measure":"piece","discount":0},{"name":"Geflügelrolle","price":0.99,"weightAmount":3,"measure":"piece","discount":0},{"name":"Tomaten Rispen","price":1.99,"weightAmount":1,"measure":"piece","discount":0},{"name":"Frühstücksbackwaren","price":0.99,"weightAmount":1,"measure":"piece","discount":0}]}]