[{"date":"06.01.2021","time":"22:09","currency":"EUR","country":"Germany","address":{"index":"22529","city":"Hamburg","street":"Troplowitzstrasse","houseNumber":"8"},"payMethod":"EC card","shopName":"REWE","products":[{"name":"Farmerschinken","price":1.49,"weightAmount":1,"measure":"piece","discount":0},{"name":"Muen. Weisswurst","price":2.69,"weightAmount":2,"measure":"piece","discount":0},{"name":"JA! Emmentaler","price":2.69,"weightAmount":1,"measure":"piece","discount":0},{"name":"Vital und fit","price":1.39,"weightAmount":1,"measure":"piece","discount":0},{"name":"Cavi Art Classic","price":2.49,"weightAmount":1,"measure":"piece","discount":0},{"name":"Fleisch Tortell.","price":1.49,"weightAmount":1,"measure":"piece","discount":0},{"name":"Ofenbaguette F.","price":1.49,"weightAmount":1,"measure":"piece","discount":0},{"name":"Ananas /Costa Rica","price":2.99,"weightAmount":1,"measure":"piece","discount":0},{"name":"Banane BIO","price":1.89,"weightAmount":0.854,"measure":"kg","discount":0},{"name":"Avocado Vorger.","price":0.97,"weightAmount":1,"measure":"piece","discount":0},{"name":"Champignons","price":1.59,"weightAmount":1,"measure":"piece","discount":0},{"name":"Wiedemilch 3.9%","price":0.85,"weightAmount":2,"measure":"piece","discount":0},{"name":"Ananasstücke","price":1.99,"weightAmount":1,"measure":"piece","discount":0},{"name":"Gelee-Bananen","price":1.15,"weightAmount":2,"measure":"piece","discount":0},{"name":"Salatgurke","price":0.45,"weightAmount":1,"measure":"piece","discount":0}]}]