[{"date":"07.01.2021","time":"21:44","currency":"EUR","country":"Germany","address":{"index":"online","city":"online","street":"online","houseNumber":"online"},"payMethod":"N26 card","shopName":"Innovativelanguage.com","products":[{"name":"Podcast 101","price":0.82,"weightAmount":1,"measure":"piece","description":"Norwegian language. First time package.","discount":0}]},{"date":"07.01.2021","time":"20:46","currency":"EUR","country":"Germany","address":{"index":"20249","city":"Hamburg","street":"Eppendorfer Baum","houseNumber":"35"},"payMethod":"Cash","shopName":"Edeka","products":[{"name":"Lindt Creation Himbeere De Luxe","price":2.93,"weightAmount":1,"measure":"piece","discount":0},{"name":"Almondy Mandeltorte","price":4.9,"weightAmount":2,"measure":"piece","discount":0}]}]