[{"date":"08.02.2021","time":"20:00","currency":"EUR","country":"Germany","address":{"index":"22529","city":"Hamburg","street":"Osterfeldestrasse","houseNumber":"30-40"},"payMethod":"EC card","shopName":"Edeka","products":[{"name":"Tic Tac","price":1.49,"weightAmount":1,"measure":"piece","discount":0},{"name":"Elkos Flüssigseife","price":0.69,"weightAmount":1,"measure":"piece","discount":0},{"name":"Heinz Barbecue Sauce","price":1.59,"weightAmount":1,"measure":"piece","discount":0},{"name":"Banane","price":1.99,"weightAmount":0.66,"measure":"kg","discount":0},{"name":"Zwiebel","price":1.99,"weightAmount":1,"measure":"piece","description":"BIO","discount":0},{"name":"Vita Gold Backhefe","price":0.19,"weightAmount":1,"measure":"piece","discount":0},{"name":"G&G Mozzarella","price":0.59,"weightAmount":1,"measure":"piece","discount":0},{"name":"Hansano Weidemilch","price":0.69,"weightAmount":1,"measure":"piece","discount":0},{"name":"Hoch. Burg. Scheib.","price":1.99,"weightAmount":1,"measure":"piece","discount":0},{"name":"E.Craft Burg.Buns","price":1.79,"weightAmount":2,"measure":"piece","discount":0},{"name":"Zitrone","price":0.89,"weightAmount":2,"measure":"piece","description":"BIO","discount":0}]}]