[{"date":"09.02.2021","time":"02:58","currency":"EUR","country":"Germany","address":{"index":"online","city":"online","street":"online","houseNumber":"online"},"payMethod":"N26 card","shopName":"Amazon.de","products":[{"name":"Egg Divider","price":3.11,"weightAmount":1,"measure":"piece","description":"Ogquaton Edelstahl Handheld Egg Divider Edelstahl Eiweiß Eigelb Filter Separator","discount":0},{"name":"Laserdrucker","price":175.19,"weightAmount":1,"measure":"piece","description":"HP LaserJet Pro M203dw Laserdrucker (Schwarzweiß, WLAN, LAN, Airprint) weiß","discount":0},{"name":"Silikon Teigmatte","price":10.99,"weightAmount":1,"measure":"piece","description":"GWHOLE Silikonmatte Backmatte Silikon Teigmatte, Messung, 60 x 40 cm","discount":0},{"name":"Canon LiDE 400 Scanner","price":97.9,"weightAmount":1,"measure":"piece","description":"Canon LiDE 400 Scanner CanoScan Flachbettscanner DIN A4 (4.800 x 4.800 dpi, Stromversorgung über USB, ca. 8 s/ Farbseite 300 dpi, 48 Bit interne Farbtiefe), schwarz","discount":0},{"name":"Küchensieb Set","price":15.49,"weightAmount":1,"measure":"piece","description":"IPOW 3 Größen Hochwertig Edelstahl Sieb feinmaschig Küchensieb Set 7 / 12 / 18cm, mit Verstärktem Griff","discount":0},{"name":"Dr. Oetker Teigschaberkarte","price":3.48,"weightAmount":1,"measure":"piece","description":"Dr. Oetker Teigschaberkarte, Teigspachtel aus Kunststoff (Maße ca.: 12 cm x 7,5 cm)","discount":0}]},{"date":"09.02.2021","time":"19:37","currency":"EUR","country":"Germany","address":{"index":"22525","city":"Hamburg","street":"Kieler Straße","houseNumber":"595"},"payMethod":"EC card","shopName":"Lidl","products":[{"name":"Mandarine","price":3.99,"weightAmount":1,"measure":"piece","discount":0},{"name":"Mini Romanasalat","price":1.09,"weightAmount":1,"measure":"piece","discount":0},{"name":"Strauchtomaten","price":1.49,"weightAmount":1,"measure":"piece","description":"BIO","discount":0},{"name":"Romatomaten","price":0.99,"weightAmount":2,"measure":"piece","discount":0},{"name":"Traube rot","price":1.99,"weightAmount":1,"measure":"piece","description":"500g","discount":0},{"name":"Gurken","price":0.79,"weightAmount":1,"measure":"piece","discount":0},{"name":"Topfrose in Keramik","price":2.99,"weightAmount":1,"measure":"piece","discount":0},{"name":"Salami Tropical Pepper","price":1.89,"weightAmount":1,"measure":"piece","discount":0},{"name":"Hähnchen-Fleischwurst","price":1.99,"weightAmount":1,"measure":"piece","discount":0},{"name":"Weidebutter","price":1.75,"weightAmount":1,"measure":"piece","description":"(OGT WM)","discount":0},{"name":"Blätterteig","price":0.69,"weightAmount":1,"measure":"piece","discount":0},{"name":"Mozzarella","price":0.49,"weightAmount":2,"measure":"piece","discount":0},{"name":"Lorbeerblätter","price":0.69,"weightAmount":1,"measure":"piece","discount":0},{"name":"Fruchtaufstrich Erdbeere","price":0.89,"weightAmount":1,"measure":"piece","description":"75%","discount":0},{"name":"Rosenbrötchen hell","price":0.29,"weightAmount":1,"measure":"piece","discount":0},{"name":"Laugenbrötchen","price":0.29,"weightAmount":1,"measure":"piece","discount":0},{"name":"Laugenbrezel","price":0.29,"weightAmount":1,"measure":"piece","discount":0},{"name":"Balance Brot","price":0.99,"weightAmount":1,"measure":"piece","discount":0},{"name":"Tic Tac","price":1.44,"weightAmount":1,"measure":"piece","discount":0},{"name":"Edelstahltopfreinigung","price":0.99,"weightAmount":1,"measure":"piece","discount":0},{"name":"Hähnchen Unterkeulen","price":2.29,"weightAmount":1,"measure":"piece","discount":0}]}]