[{"date":"12.03.2021","time":"20:00","currency":"EUR","country":"Germany","address":{"index":"22761","city":"Hamburg","street":"Stresemannstrasse","houseNumber":"300"},"payMethod":"EC card","shopName":"Kaufland","products":[{"name":"Rosenbrötchen dunkel","price":0.29,"weightAmount":1,"measure":"piece","discount":0},{"name":"Palmolive Duschgel","price":0.95,"weightAmount":1,"measure":"piece","discount":0},{"name":"Dove Waschstück","price":0.65,"weightAmount":1,"measure":"piece","discount":0},{"name":"KLC Klarspüler","price":0.75,"weightAmount":1,"measure":"piece","discount":0},{"name":"Der General Allzweck-Reiniger","price":0.99,"weightAmount":1,"measure":"piece","discount":0},{"name":"KLC Müllbeutel 30L","price":1.45,"weightAmount":1,"measure":"piece","discount":0},{"name":"Pely Müllbeutel","price":1.79,"weightAmount":1,"measure":"piece","discount":0},{"name":"K-Purland Geschnetzeltes","price":2.99,"weightAmount":1,"measure":"piece","discount":0},{"name":"Schweinehackfleisch","price":3.78,"weightAmount":1,"measure":"piece","discount":0},{"name":"Schlaf+Nerventee","price":0.95,"weightAmount":1,"measure":"piece","discount":0},{"name":"Bünting Fine Earl Grey","price":5.99,"weightAmount":2,"measure":"piece","discount":0}]}]