[{"date":"13.02.2021","time":"21:49","currency":"EUR","country":"Germany","address":{"index":"22525","city":"Hamburg","street":"Kieler Straße","houseNumber":"579"},"payMethod":"EC card","shopName":"REWE","products":[{"name":"Banane","price":1.89,"weightAmount":1.598,"measure":"kg","description":"BIO","discount":0},{"name":"Paprika rot","price":1.99,"weightAmount":0.626,"measure":"kg","discount":0},{"name":"Tomaten Rispen","price":2.69,"weightAmount":0.87,"measure":"kg","discount":0},{"name":"Ingwer","price":7.9,"weightAmount":0.062,"measure":"kg","discount":0},{"name":"Hähnchen Geschnetzeltes","price":4.49,"weightAmount":1,"measure":"piece","discount":0},{"name":"Muen. Weisswurst","price":2.69,"weightAmount":1,"measure":"piece","discount":0},{"name":"Edelsalami","price":1.39,"weightAmount":1,"measure":"piece","discount":0},{"name":"Delikatess Kochschinken","price":1.49,"weightAmount":1,"measure":"piece","discount":0},{"name":"JA! Maasdamer","price":1.99,"weightAmount":1,"measure":"piece","discount":0},{"name":"Steinofenbrot","price":0.99,"weightAmount":1,"measure":"piece","discount":0},{"name":"Das volle Korn","price":1.39,"weightAmount":1,"measure":"piece","discount":0},{"name":"Knoblauch","price":1.09,"weightAmount":1,"measure":"piece","discount":0},{"name":"Lauchzwiebel","price":0.85,"weightAmount":1,"measure":"piece","discount":0},{"name":"Karotte","price":1.39,"weightAmount":1,"measure":"piece","discount":0},{"name":"Cherry Roma Tomaten","price":0.69,"weightAmount":1,"measure":"piece","discount":0},{"name":"Salatgurke","price":0.85,"weightAmount":1,"measure":"piece","discount":0},{"name":"Topfrose","price":2.49,"weightAmount":1,"measure":"piece","discount":0},{"name":"Blühpflanze","price":3.33,"weightAmount":1,"measure":"piece","discount":0},{"name":"JA! Eier Bodenhaltung","price":1.29,"weightAmount":1,"measure":"piece","discount":0},{"name":"Irische Butter","price":1.39,"weightAmount":1,"measure":"piece","discount":0},{"name":"Wiedemilch 3.9%","price":0.85,"weightAmount":2,"measure":"piece","discount":0},{"name":"Mie-Nudeln","price":1.39,"weightAmount":1,"measure":"piece","description":"O.Ei.","discount":0},{"name":"Beerenmuesli","price":2.99,"weightAmount":1,"measure":"piece","discount":0},{"name":"Mango Maracuja Konfitüre","price":1.19,"weightAmount":1,"measure":"piece","discount":0},{"name":"Gelee-Bananen","price":2.39,"weightAmount":1,"measure":"piece","discount":0},{"name":"Gelee-Schoko-Mix","price":2.99,"weightAmount":1,"measure":"piece","discount":0}]}]