[{"date":"15.01.2021","time":"18:19","currency":"EUR","country":"Germany","address":{"index":"22761","city":"Hamburg","street":"Stresemannstrasse","houseNumber":"300"},"payMethod":"EC card","shopName":"Kaufland","products":[{"name":"Berliner","price":0.49,"weightAmount":4,"measure":"piece","discount":0},{"name":"Old Spice Deostick","price":2.25,"weightAmount":1,"measure":"piece","discount":0},{"name":"Palmolive Seife","price":0.4,"weightAmount":1,"measure":"piece","discount":0},{"name":"Lenor Aprillfrisch","price":1.6,"weightAmount":1,"measure":"piece","discount":0},{"name":"KLC. Allzwecktücher","price":1.99,"weightAmount":1,"measure":"piece","discount":0},{"name":"Frosch Oase","price":2.88,"weightAmount":1,"measure":"piece","description":"Lavend","discount":0},{"name":"Tschibo Crema Mild","price":9.99,"weightAmount":1,"measure":"piece","discount":0},{"name":"Bünting Fine Earl Grey","price":5.88,"weightAmount":1,"measure":"piece","discount":0},{"name":"Spice Safe Box","price":0.79,"weightAmount":1,"measure":"piece","description":"0.25L","discount":0},{"name":"K. Maasdamer Sch. leicht","price":1.39,"weightAmount":1,"measure":"piece","discount":0},{"name":"Fol Epi Provence","price":1.99,"weightAmount":1,"measure":"piece","discount":0},{"name":"Hansano Weidemilch","price":1.26,"weightAmount":1,"measure":"piece","discount":0},{"name":"Meg. FeineSüssrahm","price":2.15,"weightAmount":1,"measure":"piece","discount":0},{"name":"Dilek Helva Kakao","price":2.44,"weightAmount":2,"measure":"piece","discount":0},{"name":"Gurken","price":0.99,"weightAmount":2,"measure":"piece","discount":0},{"name":"Orange","price":1.99,"weightAmount":1,"measure":"piece","description":"1.5kg","discount":0},{"name":"Kartoffeln","price":1.99,"weightAmount":1,"measure":"piece","description":"2.5kg","discount":0},{"name":"Zitrone","price":0.59,"weightAmount":2,"measure":"piece","discount":0},{"name":"Banane","price":1.26,"weightAmount":1,"measure":"piece","description":"1.270kg","discount":0},{"name":"Ingwer","price":0.77,"weightAmount":1,"measure":"piece","description":"0.112","discount":0},{"name":"Paprika rot","price":1.27,"weightAmount":1,"measure":"piece","description":"0.712kg","discount":0},{"name":"K. Schoko-Haselnuss","price":1.69,"weightAmount":1,"measure":"piece","discount":0},{"name":"Lays Light Paprika","price":1.59,"weightAmount":1,"measure":"piece","discount":0},{"name":"Ristorante Pizza Speciale","price":1.66,"weightAmount":1,"measure":"piece","discount":0},{"name":"Dr.Oetker La Mia Grande","price":3.49,"weightAmount":1,"measure":"piece","discount":0},{"name":"KLC. Räucherlachs","price":3.79,"weightAmount":1,"measure":"piece","discount":0},{"name":"KLC. Putenbrust","price":0.99,"weightAmount":1,"measure":"piece","discount":0},{"name":"Putenbrust","price":1.75,"weightAmount":1,"measure":"piece","discount":0},{"name":"K.MSC Heringsfilet","price":1.35,"weightAmount":1,"measure":"piece","discount":0},{"name":"Möhren","price":1.26,"weightAmount":1,"measure":"piece","description":"0.978","discount":0},{"name":"Tomaten Rispen","price":2.29,"weightAmount":1,"measure":"kg","discount":0}]}]