[{"date":"19.02.2021","time":"18:58","currency":"EUR","country":"Germany","address":{"index":"22525","city":"Hamburg","street":"Kieler Straße","houseNumber":"595"},"payMethod":"EC card","shopName":"Lidl","products":[{"name":"Weißkohl","price":0.59,"weightAmount":2.084,"measure":"kg","discount":0},{"name":"Banane","price":1.19,"weightAmount":0.982,"measure":"kg","description":"Fairtrade","discount":0},{"name":"Gurken","price":1.29,"weightAmount":2,"measure":"piece","discount":0},{"name":"Romatomaten","price":1.29,"weightAmount":1,"measure":"piece","discount":0},{"name":"Porree","price":0.99,"weightAmount":1,"measure":"piece","discount":0},{"name":"Mini Romanasalat","price":0.99,"weightAmount":1,"measure":"piece","discount":0},{"name":"Emmentaler","price":2.69,"weightAmount":1,"measure":"piece","discount":0},{"name":"Mozzarella","price":0.59,"weightAmount":1,"measure":"piece","discount":0},{"name":"Soja-Sauce","price":2.39,"weightAmount":1,"measure":"piece","description":"Kikkoman","discount":0},{"name":"Schmelzkäse Cheddary","price":1.19,"weightAmount":1,"measure":"piece","discount":0},{"name":"Erdnusskerne","price":1.79,"weightAmount":1,"measure":"piece","description":"Argent.","discount":0},{"name":"Pfunds Schnitten Brot","price":0.69,"weightAmount":1,"measure":"piece","discount":0},{"name":"Trident Spearmint","price":0.89,"weightAmount":1,"measure":"piece","discount":0},{"name":"Crunchips Paprika","price":1.49,"weightAmount":1,"measure":"piece","discount":0},{"name":"Hamburger Mehrkorn","price":1.29,"weightAmount":2,"measure":"piece","discount":0},{"name":"Spezialsalz","price":0.65,"weightAmount":1,"measure":"piece","description":"2kg","discount":0},{"name":"Geschirr-Reinigung Tabs","price":2.95,"weightAmount":1,"measure":"piece","discount":0},{"name":"Rind Hackfleisch","price":4.99,"weightAmount":1,"measure":"piece","discount":0}]}]