[{"date":"20.01.2021","time":"19:45","currency":"EUR","country":"Germany","address":{"index":"22301","city":"Hamburg","street":"Dorotheenstrasse","houseNumber":"116-122"},"payMethod":"EC card","shopName":"REWE","products":[{"name":"Banane","price":1.69,"weightAmount":0.712,"measure":"kg","description":"BIO","discount":0},{"name":"Salami","price":1.49,"weightAmount":1,"measure":"piece","description":"1A","discount":0},{"name":"Camembert","price":1.79,"weightAmount":1,"measure":"piece","description":"BIO","discount":0},{"name":"Zitrone","price":0.79,"weightAmount":1,"measure":"piece","discount":0},{"name":"Heidelbeere","price":2.99,"weightAmount":1,"measure":"piece","discount":0},{"name":"Prosciutto","price":3.79,"weightAmount":1,"measure":"piece","description":"E For","discount":0},{"name":"Lindt Creation Himbeere De Luxe","price":2.99,"weightAmount":2,"measure":"piece","discount":0},{"name":"Gelee-Bananen","price":1.15,"weightAmount":2,"measure":"piece","discount":0},{"name":"Gum Full Fruit","price":2.79,"weightAmount":1,"measure":"piece","discount":0},{"name":"A+Z Scheiben","price":1.49,"weightAmount":1,"measure":"piece","discount":0},{"name":"Hafergeb. Rosine","price":2.49,"weightAmount":1,"measure":"piece","discount":0},{"name":"Nylon-Tuff","price":1.79,"weightAmount":1,"measure":"piece","discount":0},{"name":"Nivea Intimo Waschlotion Sensitive","price":2.99,"weightAmount":1,"measure":"piece","discount":0},{"name":"Sammelbox","price":5.49,"weightAmount":1,"measure":"piece","discount":0},{"name":"Gewürzstreuer","price":2,"weightAmount":1,"measure":"piece","discount":0}]}]