[{"date":"22.02.2021","time":"19:26","currency":"EUR","country":"Germany","address":{"index":"22761","city":"Hamburg","street":"Stresemannstrasse","houseNumber":"300"},"payMethod":"EC card","shopName":"Kaufland","products":[{"name":"Fürst Bismarck Mineralwasser","price":0.58,"weightAmount":1,"measure":"piece","discount":0},{"name":"Pfand","price":0.25,"weightAmount":1,"measure":"piece","description":"Fürst Bismarck Mineralwasser","discount":0},{"name":"Lavera Zahncreme","price":2.45,"weightAmount":1,"measure":"piece","discount":0},{"name":"Hansaplast Repair & Care Schrundensalbe","price":4.95,"weightAmount":1,"measure":"piece","discount":0},{"name":"Parodontax","price":3.95,"weightAmount":1,"measure":"piece","description":"F ZC","discount":0},{"name":"Palmolive Duschgel","price":0.95,"weightAmount":1,"measure":"piece","discount":0},{"name":"Dove Handcreme","price":1.95,"weightAmount":1,"measure":"piece","discount":0},{"name":"Bee Lippenbalsam","price":2.95,"weightAmount":1,"measure":"piece","discount":0},{"name":"Parsa Badetuff","price":1.99,"weightAmount":1,"measure":"piece","discount":0},{"name":"Palmolive Seife","price":0.4,"weightAmount":1,"measure":"piece","discount":0},{"name":"Garn. Gewürzseife","price":1.75,"weightAmount":1,"measure":"piece","discount":0},{"name":"Dove Waschstück","price":0.65,"weightAmount":1,"measure":"piece","discount":0},{"name":"Cillit Geräte-Entkalker Tabs","price":0.75,"weightAmount":1,"measure":"piece","discount":0},{"name":"Sebamed Seifenfreies Waschstück","price":1.75,"weightAmount":2,"measure":"piece","discount":0},{"name":"Lenor Frischeschutz","price":1.65,"weightAmount":1,"measure":"piece","discount":0},{"name":"Dr. Beckmann Putzstein","price":3.75,"weightAmount":1,"measure":"piece","discount":0},{"name":"Schweinehackfleisch","price":3.78,"weightAmount":1,"measure":"piece","discount":0},{"name":"K-Purland Hänchen Geschnetzeltes","price":2.49,"weightAmount":1,"measure":"piece","discount":0},{"name":"Pinsel","price":1.49,"weightAmount":1,"measure":"piece","discount":0},{"name":"Spritzbeutel","price":3.99,"weightAmount":1,"measure":"piece","discount":0},{"name":"K-Classic Maasdamer in Scheiben","price":1.99,"weightAmount":1,"measure":"piece","discount":0},{"name":"Müller Kalinka Kefir","price":0.99,"weightAmount":1,"measure":"piece","discount":0},{"name":"Hansano Weidemilch","price":1.29,"weightAmount":2,"measure":"piece","discount":0},{"name":"Eier","price":1.29,"weightAmount":1,"measure":"piece","description":"Bodenhaltung","discount":0},{"name":"Kerrygold Butter","price":2.39,"weightAmount":1,"measure":"piece","discount":0},{"name":"KLC Süßrahmbutter","price":1.34,"weightAmount":1,"measure":"piece","discount":0},{"name":"Agr. Bio-Frischhefe","price":0.49,"weightAmount":1,"measure":"piece","discount":0},{"name":"Thomy Salatmayonese","price":1.69,"weightAmount":1,"measure":"piece","discount":0},{"name":"K-Bio Sonnenblumenöl","price":1.45,"weightAmount":1,"measure":"piece","discount":0},{"name":"Heinz Barbecue Sauce","price":1.49,"weightAmount":1,"measure":"piece","discount":0},{"name":"Dilek Helva Kakao","price":2.49,"weightAmount":2,"measure":"piece","discount":0},{"name":"Dilek Helva Pist.","price":2.99,"weightAmount":1,"measure":"piece","discount":0},{"name":"Nestle Bio Honig Schokolade","price":3.69,"weightAmount":1,"measure":"piece","discount":0},{"name":"KLC Weizenmehl","price":0.39,"weightAmount":2,"measure":"piece","description":"1kg","discount":0},{"name":"Dinkelmehl Type 630","price":1.99,"weightAmount":1,"measure":"piece","description":"1kg","discount":0},{"name":"Kikkoman Teriyaki","price":4.29,"weightAmount":1,"measure":"piece","discount":0},{"name":"Seitenbacher Trocken-Back-Hefe","price":0.69,"weightAmount":1,"measure":"piece","discount":0},{"name":"Kartoffeln","price":1.49,"weightAmount":1,"measure":"piece","description":"2.5kg fk","discount":0},{"name":"Zwiebel","price":1.49,"weightAmount":1,"measure":"piece","description":"2kg","discount":0},{"name":"Romatomaten","price":0.99,"weightAmount":1,"measure":"piece","description":"500g","discount":0},{"name":"Banane","price":1.24,"weightAmount":1,"measure":"piece","description":"1.254kg","discount":0},{"name":"Zitrone","price":0.59,"weightAmount":2,"measure":"piece","discount":0},{"name":"Orange","price":2.94,"weightAmount":1,"measure":"piece","description":"1.282kg","discount":0},{"name":"Traube rot","price":2.29,"weightAmount":1,"measure":"piece","description":"500g","discount":0},{"name":"Tchibo Teigschaber-Set","price":12.99,"weightAmount":1,"measure":"piece","discount":0},{"name":"K. Schoko-Haselnuss","price":1.69,"weightAmount":2,"measure":"piece","discount":0},{"name":"Lindt EB Mousse","price":2.99,"weightAmount":1,"measure":"piece","discount":0},{"name":"Seeberger Popcorn-Mais","price":1.27,"weightAmount":1,"measure":"piece","discount":0},{"name":"Überraschungsei mit Anhänger","price":0.79,"weightAmount":1,"measure":"piece","discount":0},{"name":"Lay's","price":1.59,"weightAmount":1,"measure":"piece","description":"Light Paprika","discount":0},{"name":"Mehrkornbrot","price":1.39,"weightAmount":1,"measure":"piece","discount":0},{"name":"KLC. Putenbrust","price":0.99,"weightAmount":1,"measure":"piece","discount":0},{"name":"K-Classic Koch-Hinterschinken","price":1.49,"weightAmount":1,"measure":"piece","discount":0}]}]