[{"date":"23.01.2021","time":"19:00","currency":"EUR","country":"Germany","address":{"index":"22307","city":"Hamburg","street":"Fuhlsbuettler Str.","houseNumber":"387"},"payMethod":"Cash","shopName":"REWE","products":[]},{"date":"23.01.2021","time":"05:46","currency":"EUR","country":"Germany","address":{"index":"22761","city":"Hamburg","street":"Stresemannstrasse","houseNumber":"300"},"payMethod":"EC card","shopName":"Kaufland","products":[{"name":"Krustenbrot","price":1.19,"weightAmount":1,"measure":"piece","discount":0},{"name":"Sebamed Seifenfreies Waschstück","price":1.75,"weightAmount":1,"measure":"piece","discount":0},{"name":"Dulgon Handgel","price":1.29,"weightAmount":1,"measure":"piece","discount":0},{"name":"Mundschutz","price":2.99,"weightAmount":1,"measure":"piece","description":"10St","discount":0},{"name":"Philadelphia Natur","price":1.49,"weightAmount":1,"measure":"piece","discount":0},{"name":"KLC Emmentaler am Stück","price":2.69,"weightAmount":1,"measure":"piece","discount":0},{"name":"Hansano Weidemilch","price":1.26,"weightAmount":1,"measure":"piece","discount":0},{"name":"Müller Kalinka Kefir","price":0.99,"weightAmount":1,"measure":"piece","discount":0},{"name":"Buchweizen","price":2.93,"weightAmount":1,"measure":"piece","discount":0},{"name":"KLC Langkornreis","price":0.69,"weightAmount":1,"measure":"piece","discount":0},{"name":"Bamboo Garden Ess-Stäbchen","price":3.89,"weightAmount":1,"measure":"piece","discount":0},{"name":"Kikkoman Sojasauce","price":2.39,"weightAmount":1,"measure":"piece","discount":0},{"name":"Bamboo Garden Reisessig","price":1.95,"weightAmount":1,"measure":"piece","discount":0},{"name":"Bamboo Garden Wasabi-Paste","price":2.25,"weightAmount":1,"measure":"piece","discount":0},{"name":"Sushi Nori","price":2.25,"weightAmount":1,"measure":"piece","discount":0},{"name":"Bambusmatte","price":2.91,"weightAmount":1,"measure":"piece","discount":0},{"name":"Sambal Oelek Trassie","price":1.26,"weightAmount":1,"measure":"piece","discount":0},{"name":"Dilek Helva Pist.","price":2.93,"weightAmount":1,"measure":"piece","discount":0},{"name":"Dilek Helva Kakao","price":2.44,"weightAmount":2,"measure":"piece","discount":0},{"name":"Datteltomaten","price":0.77,"weightAmount":1,"measure":"piece","description":"250g","discount":0},{"name":"Zitrone","price":0.59,"weightAmount":1,"measure":"piece","discount":0},{"name":"Lay's","price":1.59,"weightAmount":1,"measure":"piece","description":"Light Paprika","discount":0},{"name":"Almondy Daim Torte","price":4.9,"weightAmount":1,"measure":"piece","discount":0},{"name":"Dr.Oetker La Mia Grande","price":3.49,"weightAmount":1,"measure":"piece","discount":0},{"name":"Mehrkornbrot","price":1.39,"weightAmount":2,"measure":"piece","discount":0},{"name":"KLC Räucherlachs","price":3.49,"weightAmount":1,"measure":"piece","discount":0},{"name":"KLC Salami","price":1.89,"weightAmount":1,"measure":"piece","discount":0},{"name":"Hähnchen-Fleischwurst","price":1.99,"weightAmount":1,"measure":"piece","discount":0}]}]