[{"date":"26.02.2021","time":"21:54","currency":"EUR","country":"Germany","address":{"index":"22761","city":"Hamburg","street":"Stresemannstrasse","houseNumber":"300"},"payMethod":"EC card","shopName":"Kaufland","products":[{"name":"Apollinaris","price":0.62,"weightAmount":1,"measure":"piece","description":"Medium","discount":0},{"name":"Pfand","price":0.15,"weightAmount":1,"measure":"piece","description":"Apollinaris Tafelwasser","discount":0},{"name":"Vilsa Miwa","price":0.44,"weightAmount":1,"measure":"piece","description":"Medium","discount":0},{"name":"Pfand","price":0.15,"weightAmount":1,"measure":"piece","description":"Vilsa Miwa","discount":0},{"name":"Palmolive Flüssigseife","price":0.88,"weightAmount":1,"measure":"piece","discount":0},{"name":"Frosch Oase","price":2.25,"weightAmount":1,"measure":"piece","description":"Granat","discount":0},{"name":"Bünting Fine Earl Grey","price":5.99,"weightAmount":1,"measure":"piece","discount":0},{"name":"K-Classic Maasdamer in Scheiben","price":1.99,"weightAmount":1,"measure":"piece","discount":0},{"name":"Hansano Weidemilch","price":1.29,"weightAmount":2,"measure":"piece","discount":0},{"name":"Dilek Helva Kakao","price":2.49,"weightAmount":2,"measure":"piece","discount":0},{"name":"Banane","price":0.94,"weightAmount":1,"measure":"piece","description":"1.104kg","discount":0},{"name":"Zitrone","price":0.88,"weightAmount":1,"measure":"piece","description":"Kbio 500g","discount":0},{"name":"Lay's","price":1.59,"weightAmount":1,"measure":"piece","description":"Light Paprika","discount":0},{"name":"Steinofenbrot","price":1.39,"weightAmount":1,"measure":"piece","discount":0}]}]