[{"date":"27.02.2021","time":"19:40","currency":"EUR","country":"Germany","address":{"index":"22041","city":"Hamburg","street":"Walddörferstraße","houseNumber":"146"},"payMethod":"EC card","shopName":"REWE","products":[{"name":"JA! Bierschinken","price":1.29,"weightAmount":1,"measure":"piece","discount":0},{"name":"JA! Emmentaler","price":2.69,"weightAmount":1,"measure":"piece","discount":0},{"name":"Rauecherlachs","price":3.49,"weightAmount":1,"measure":"piece","discount":0},{"name":"JA! Knoblauchbutter-Baguette","price":1.19,"weightAmount":1,"measure":"piece","discount":0},{"name":"Fri Butterbleatt","price":1.99,"weightAmount":1,"measure":"piece","discount":0},{"name":"Orange","price":2.69,"weightAmount":1.49,"measure":"kg","discount":0},{"name":"Grapefruit rot","price":0.79,"weightAmount":1,"measure":"piece","discount":0},{"name":"Traub. Dun. Kernl.","price":2.19,"weightAmount":1,"measure":"piece","discount":0},{"name":" Toma Rondo Tomate","price":1.19,"weightAmount":1,"measure":"piece","discount":0},{"name":"Irische Butter","price":1.55,"weightAmount":1,"measure":"piece","discount":0},{"name":"Wiedemilch 3.9%","price":0.85,"weightAmount":1,"measure":"piece","discount":0},{"name":"Lindt Creation Himbeere De Luxe","price":2.19,"weightAmount":2,"measure":"piece","discount":0},{"name":"Lindt Excellence Chili","price":2.19,"weightAmount":1,"measure":"piece","discount":0},{"name":"Lindt Excellence Orange Intense","price":2.19,"weightAmount":1,"measure":"piece","discount":0},{"name":"Lindt Edelbitter Mousse Cranberry","price":2.19,"weightAmount":1,"measure":"piece","discount":0},{"name":"Tschibo Crema Mild","price":8.99,"weightAmount":1,"measure":"piece","discount":0}]}]