[{"date":"28.12.2020","time":"16:07","currency":"EUR","country":"Germany","address":{"index":"22529","city":"Hamburg","street":"Troplowitzstrasse","houseNumber":"8"},"payMethod":"EC card","shopName":"REWE","products":[{"name":"Hähnchen Unterkeulen","price":3.22,"weightAmount":1,"measure":"piece","discount":"30%"},{"name":"Weihn. Chocolade","price":2.49,"weightAmount":2,"measure":"piece","description":"Weihnachten%20S%C3%BC%C3%9Fwaren%20-50%","discount":"50%"},{"name":"Santa Glamour","price":5.39,"weightAmount":1,"measure":"piece","description":"Weihnachten%20S%C3%BC%C3%9Fwaren%20-50%","discount":"50%"},{"name":"Gelee Baum","price":0.78,"weightAmount":1,"measure":"piece","description":"Weihnachten%20S%C3%BC%C3%9Fwaren%20-50%","discount":"50%"},{"name":"Pfeffersalami","price":1.49,"weightAmount":1,"measure":"piece","discount":0},{"name":"Wacholderschinke","price":2.19,"weightAmount":1,"measure":"piece","discount":0},{"name":"Muen. Weisswurst","price":2.69,"weightAmount":1,"measure":"piece","discount":0},{"name":"JA! Maasdamer","price":1.93,"weightAmount":3,"measure":"piece","discount":0},{"name":"JA! Emmentaler","price":2.6,"weightAmount":1,"measure":"piece","discount":0},{"name":"JA! Mozzarella","price":0.57,"weightAmount":1,"measure":"piece","discount":0},{"name":"Vital und fit","price":1.26,"weightAmount":2,"measure":"piece","discount":0},{"name":"Muerbetorteletts","price":1.19,"weightAmount":1,"measure":"piece","discount":0},{"name":"Rauecherlachs","price":3.67,"weightAmount":1,"measure":"piece","discount":0},{"name":"Makrele geraeuch.","price":2.29,"weightAmount":1,"measure":"piece","discount":0},{"name":"Ofenbaguette F.","price":1.49,"weightAmount":1,"measure":"piece","discount":0},{"name":"Orange","price":2.74,"weightAmount":0.698,"measure":"kg","discount":0},{"name":"Clementine","price":2.84,"weightAmount":1.672,"measure":"kg","discount":0},{"name":"Zitrone","price":1.11,"weightAmount":1,"measure":"piece","discount":0},{"name":"Banane BIO","price":1.85,"weightAmount":1.418,"measure":"kg","discount":0},{"name":"Heidelbeere","price":3.33,"weightAmount":1,"measure":"piece","description":"300g","discount":0},{"name":"Mango","price":0.97,"weightAmount":3,"measure":"piece","discount":0},{"name":"Kaki","price":0.58,"weightAmount":4,"measure":"piece","discount":0},{"name":"Kartoffeln","price":1.46,"weightAmount":1,"measure":"piece","discount":0},{"name":"Karotte","price":0.87,"weightAmount":0.486,"measure":"kg","discount":0},{"name":"Rote Bete frisch","price":1.17,"weightAmount":0.952,"measure":"kg","discount":0},{"name":"Salatgurke","price":0.43,"weightAmount":2,"measure":"piece","discount":0},{"name":"Eier Freil. Weiss","price":1.95,"weightAmount":1,"measure":"piece","discount":0},{"name":"Wiedemilch 3.9%","price":0.83,"weightAmount":3,"measure":"piece","discount":0},{"name":"Kernige Flocken","price":1.26,"weightAmount":1,"measure":"piece","discount":0},{"name":"Appel Heringsfil.","price":0.97,"weightAmount":1,"measure":"piece","discount":0},{"name":"Hering Tomate","price":0.97,"weightAmount":3,"measure":"piece","discount":0},{"name":"Hering Paprika","price":0.97,"weightAmount":1,"measure":"piece","discount":0},{"name":"Ananasstücke","price":1.99,"weightAmount":1,"measure":"piece","discount":0},{"name":"Classic Paprika","price":0.97,"weightAmount":1,"measure":"piece","discount":0},{"name":"Sour Cream","price":1.25,"weightAmount":1,"measure":"piece","discount":0},{"name":"Pfand","price":0.25,"weightAmount":1,"measure":"piece","description":"Coca-Cola 0.96","discount":0},{"name":"Rotk. Alkoholfrei","price":3.87,"weightAmount":1,"measure":"piece","discount":0},{"name":"Lenor Weichspue","price":1.34,"weightAmount":1,"measure":"piece","discount":0},{"name":"Somat Klarsp.","price":2.19,"weightAmount":1,"measure":"piece","discount":0},{"name":"JA Spezialsalz","price":0.63,"weightAmount":1,"measure":"piece","discount":0},{"name":"Leergut Einweg","price":-0.25,"weightAmount":5,"measure":"piece","discount":0},{"name":"Leerg. MW V. ST","price":-0.15,"weightAmount":17,"measure":"piece","discount":0},{"name":"Coca-Cola","price":0.96,"weightAmount":1,"measure":"piece","discount":0}]},{"date":"28.12.2020","time":"12:36","currency":"EUR","country":"Germany","address":{"index":"online","city":"online","street":"online","houseNumber":"online"},"payMethod":"N26 card","shopName":"Amazon.de","products":[{"name":"Samsung Earphones Tuned by AKG","price":9.24,"weightAmount":1,"measure":"piece","description":"Kopfhörer und Mikrofon","discount":0}]},{"date":"28.12.2020","time":"19:40","currency":"EUR","country":"Germany","address":{"index":"online","city":"online","street":"online","houseNumber":"online"},"payMethod":"N26 card","shopName":"Amazon.de","products":[{"name":"HDMI-Kabel","price":6.81,"weightAmount":1,"measure":"piece","description":"KabelDirekt – 0,25 m – 4K","discount":0}]},{"date":"28.12.2020","time":"13:07","currency":"EUR","country":"Germany","address":{"index":"online","city":"online","street":"online","houseNumber":"online"},"payMethod":"N26 card","shopName":"Amazon.de","products":[{"name":"Prime Video","price":7.99,"weightAmount":1,"measure":"piece","description":"Abon­ne­ment. Per month.","discount":0}]},{"date":"28.12.2020","time":"00:00","currency":"EUR","country":"Germany","address":{"index":"online","city":"online","street":"online","houseNumber":"online"},"payMethod":"EC card","shopName":"Manufaktur Augsburg GmbH","products":[{"name":"Versicherung","price":20.56,"weightAmount":1,"measure":"piece","discount":0}]}]