[{"date":"31.03.2021","time":"21:49","currency":"EUR","country":"Germany","address":{"index":"22179","city":"Hamburg","street":"Bramfelder Dorfplatz","houseNumber":"18"},"payMethod":"EC card","shopName":"Kaufland","products":[{"name":"Roggenkrüstchen","price":0.29,"weightAmount":1,"measure":"piece","discount":0},{"name":"Rosenbrötchen dunkel","price":0.29,"weightAmount":1,"measure":"piece","discount":0},{"name":"Hähnchen Cordon Bleu","price":2.99,"weightAmount":1,"measure":"piece","description":"Packung 375g","discount":0},{"name":"K-Purland Hähnchen-Ministeaks","price":3.29,"weightAmount":2,"measure":"piece","description":"Aus dem Brustfilet geschnitten. Packung 400g","discount":0},{"name":"TS. Pinselset","price":2.79,"weightAmount":1,"measure":"piece","discount":0},{"name":"CS. Blumenkasten","price":1.99,"weightAmount":1,"measure":"piece","discount":0},{"name":"Blumenkasten 40","price":4.99,"weightAmount":1,"measure":"piece","discount":0},{"name":"CS. Blumentopf","price":0.99,"weightAmount":2,"measure":"piece","discount":0},{"name":"Sämereien Radies","price":1.79,"weightAmount":1,"measure":"piece","description":"Rundes halbrot-halbweiß","discount":0},{"name":"Sämereien Sommerblumen","price":1.49,"weightAmount":1,"measure":"piece","description":"Schmücke Garten und Heim","discount":0},{"name":"Plastikuntersetzer","price":0.59,"weightAmount":2,"measure":"piece","discount":0},{"name":"CS. Blumenkastenhalter","price":3.99,"weightAmount":1,"measure":"piece","description":"2 Stück","discount":0},{"name":"Hansano Weidemilch","price":1.29,"weightAmount":1,"measure":"piece","description":"3,9%%201l","discount":0},{"name":"Mini-Kringelgebäck","price":1.29,"weightAmount":1,"measure":"piece","description":"Mit Mohnsamen 250g. Dovgan","discount":0},{"name":"Kikkoman Teriyaki","price":4.29,"weightAmount":1,"measure":"piece","discount":0},{"name":"Moskowitsch Kwas","price":0.99,"weightAmount":6,"measure":"piece","description":"Erfrischungsgetränk. Dovgan","discount":0},{"name":"Pfand - 0.25","price":0.25,"weightAmount":6,"measure":"piece","description":"Moskowitsch Kwas","discount":0},{"name":"Gurken","price":0.69,"weightAmount":1,"measure":"piece","discount":0},{"name":"Lay's","price":1.59,"weightAmount":1,"measure":"piece","description":"Superchips","discount":0},{"name":"Schmunzelhase","price":1.55,"weightAmount":1,"measure":"piece","description":"Milka","discount":0},{"name":"Steinofenbrot","price":1.39,"weightAmount":1,"measure":"piece","discount":0},{"name":"K Classic Weißwurst","price":2.29,"weightAmount":1,"measure":"piece","description":"300g","discount":0}]}]