[{"date":"01.02.2021","time":"01:41","currency":"EUR","country":"Germany","address":{"index":"online","city":"online","street":"online","houseNumber":"online"},"payMethod":"N26 card","shopName":"Mango"},{"date":"01.02.2021","time":"00:00","currency":"EUR","country":"Germany","address":{"index":"online","city":"online","street":"online","houseNumber":"online"},"payMethod":"EC card","shopName":"OVB","products":[{"name":"Basler LV AG","price":70,"weightAmount":1,"measure":"piece","discount":0},{"name":"Hansemerkur Versicherung","price":160,"weightAmount":1,"measure":"piece","discount":0}]}]