[{"date":"02.02.2021","time":"21:45","currency":"EUR","country":"Germany","address":{"index":"22529","city":"Hamburg","street":"Troplowitzstrasse","houseNumber":"8"},"payMethod":"EC card","shopName":"REWE","products":[{"name":"Delikatess Kochschinken","price":1.49,"weightAmount":1,"measure":"piece","discount":0},{"name":"Rostbratwurst","price":2.79,"weightAmount":1,"measure":"piece","discount":0},{"name":"JA! Maasdamer","price":1.99,"weightAmount":1,"measure":"piece","discount":0},{"name":"Anno 1688 Rustik","price":1.69,"weightAmount":1,"measure":"piece","discount":0},{"name":"Vital und fit","price":1.39,"weightAmount":1,"measure":"piece","discount":0},{"name":"Rauecherlachs","price":3.49,"weightAmount":1,"measure":"piece","discount":0},{"name":"Kräuterbutter-Baguette","price":1.19,"weightAmount":1,"measure":"piece","discount":0},{"name":"Banane","price":1.49,"weightAmount":1.156,"measure":"kg","discount":0},{"name":"Kartoffeln","price":0.99,"weightAmount":1,"measure":"piece","description":"Kartoffeln vorwiegend festkochend","discount":0},{"name":"Salatgurke","price":0.95,"weightAmount":2,"measure":"piece","discount":0},{"name":"Weihenstephan Butter","price":1.29,"weightAmount":1,"measure":"piece","discount":0},{"name":"Wiedemilch 3.9%","price":0.85,"weightAmount":3,"measure":"piece","discount":0},{"name":"Kondensmilch","price":1.69,"weightAmount":1,"measure":"piece","discount":0},{"name":"Muesli Fruechte","price":2.99,"weightAmount":1,"measure":"piece","discount":0},{"name":"Power System Eiweißriegel","price":0.99,"weightAmount":1,"measure":"piece","discount":0},{"name":"Lay's","price":0.99,"weightAmount":1,"measure":"piece","description":"Kräuterbutter","discount":0},{"name":"Gelee-Schoko-Mix","price":2.99,"weightAmount":1,"measure":"piece","discount":0},{"name":"Mineralwasser","price":0.69,"weightAmount":2,"measure":"piece","description":"Gerolsteiner","discount":0},{"name":"Pfand","price":0.15,"weightAmount":2,"measure":"piece","description":"for Mineralwasser","discount":0},{"name":"Pfand","price":0.25,"weightAmount":1,"measure":"piece","description":"Rewe Orangelimo","discount":0},{"name":"Uludag Getränk","price":0.79,"weightAmount":2,"measure":"piece","description":"Gazos","discount":0},{"name":"Pfand","price":0.25,"weightAmount":2,"measure":"piece","description":"Uludag Gazos","discount":0},{"name":"Limonade","price":0.59,"weightAmount":1,"measure":"piece","description":"Lamate Ingwer","discount":0},{"name":"Pfand","price":0.25,"weightAmount":1,"measure":"piece","description":"Lamate Ingwer","discount":0},{"name":"Tschibo Crema Mild","price":9.99,"weightAmount":1,"measure":"piece","description":"Tschibo","discount":0},{"name":"Somat 7 ALL-IN-1","price":4.69,"weightAmount":1,"measure":"piece","discount":0},{"name":"FFP-2 Masken","price":0.99,"weightAmount":2,"measure":"piece","discount":0},{"name":"Limonade","price":0.59,"weightAmount":1,"measure":"piece","description":"Rewe Orangelimo","discount":0}]}]