[{"date":"06.02.2021","time":"16:16","currency":"EUR","country":"Germany","address":{"index":"online","city":"online","street":"online","houseNumber":"online"},"payMethod":"N26 card","shopName":"Innovativelanguage.com","products":[{"name":"Podcast 101","price":20.92,"weightAmount":1,"measure":"piece","description":"Norwegian language. Abbonnement","discount":0}]},{"date":"06.02.2021","time":"18:42","currency":"EUR","country":"Germany","address":{"index":"online","city":"online","street":"online","houseNumber":"online"},"payMethod":"N26 card","shopName":"Amazon.de","products":[{"name":"Fahrradreifen","price":21.44,"weightAmount":1,"measure":"piece","description":"Schwalbe Reifen Marathon HS420 40-622, Schwarz, 28x1.50 700x38C","discount":0},{"name":"Tageslinsen","price":33.13,"weightAmount":1,"measure":"piece","description":"SofLens daily disposable Tageslinsen weich, 90 Stück","discount":0}]}]