[{"date":"09.01.2021","time":"19:39","currency":"EUR","country":"Germany","address":{"index":"22529","city":"Hamburg","street":"Nedderfeld","houseNumber":"70"},"payMethod":"EC card","shopName":"Kaufland","products":[{"name":"Sanpellegrino Dose","price":0.99,"weightAmount":2,"measure":"piece","discount":0},{"name":"Pfand","price":0.25,"weightAmount":2,"measure":"piece","description":"Sanpellegrino Dose","discount":0},{"name":"Schweineschnitzel","price":11.87,"weightAmount":1,"measure":"piece","description":"1.427kg","discount":0},{"name":"Euroshop Artikel","price":0.97,"weightAmount":1,"measure":"piece","discount":0},{"name":"Möven.Sahnepudding","price":0.67,"weightAmount":1,"measure":"piece","discount":0},{"name":"Hansano Weidemilch","price":0.63,"weightAmount":1,"measure":"piece","discount":0},{"name":"Fol Epi Scheiben","price":1.99,"weightAmount":1,"measure":"piece","discount":0},{"name":"Bamb. Sambal Manis","price":1.36,"weightAmount":1,"measure":"piece","discount":0},{"name":"Erfrischungsgetränk","price":0.96,"weightAmount":1,"measure":"piece","discount":0},{"name":"Pfand","price":0.25,"weightAmount":1,"measure":"piece","description":"Erfrischungsgetränk","discount":0},{"name":"K.Wiener Saitling","price":2.09,"weightAmount":1,"measure":"piece","discount":0},{"name":"Uludag Getränk","price":0.79,"weightAmount":2,"measure":"piece","discount":0},{"name":"Pfand","price":0.25,"weightAmount":2,"measure":"piece","description":"Uludag Getränk","discount":0},{"name":"Kart. Back-Grill","price":1.49,"weightAmount":1,"measure":"piece","discount":0},{"name":"Almondy Daim Torte","price":4.9,"weightAmount":2,"measure":"piece","discount":0},{"name":"Bäckfisch-Stäbchen","price":3.49,"weightAmount":1,"measure":"piece","discount":0},{"name":"Katenschnitten","price":1.26,"weightAmount":1,"measure":"piece","discount":0},{"name":"Mehrkornbrot","price":1.39,"weightAmount":1,"measure":"piece","discount":0},{"name":"K-FAV Lachs Carpaccio","price":3.23,"weightAmount":1,"measure":"piece","discount":0},{"name":"K.Bierschinken","price":0.99,"weightAmount":1,"measure":"piece","discount":0},{"name":"KLC. Schinken Gyros","price":1.39,"weightAmount":1,"measure":"piece","discount":0}]}]