[{"date":"12.02.2021","time":"10:57","currency":"EUR","country":"Germany","address":{"index":"online","city":"online","street":"online","houseNumber":"online"},"payMethod":"N26 card","shopName":"Amazon.de","products":[{"name":"Briefumschlag mit Fenster","price":1.76,"weightAmount":1,"measure":"piece","description":"Herlitz Briefumschlag DIN Lang mit Fenster, 25 Stück, weiß","discount":0},{"name":"Drucker-/Kopierpapier","price":7.14,"weightAmount":1,"measure":"piece","description":"Avery Zweckform Drucker-/Kopierpapier (500 Blatt, 90 g/m², DIN A4 Papier, hochweiß)","discount":0}]}]