[{"date":"12.01.2021","time":"16:17","currency":"EUR","country":"Germany","address":{"index":"22299","city":"Hamburg","street":"Winterhuder Marktplatz","houseNumber":"13-15"},"payMethod":"EC card","shopName":"ROHLFS BÄCKEREI KONDITOREI GmbH","products":[{"name":"Pflaumenberliner","price":1.7,"weightAmount":1,"measure":"piece","discount":0},{"name":"Berliner","price":1.5,"weightAmount":1,"measure":"piece","discount":0},{"name":"Nußschnitte","price":2.7,"weightAmount":1,"measure":"piece","discount":0},{"name":"Rohlfs Rusti","price":3.99,"weightAmount":1,"measure":"piece","discount":0}]},{"date":"12.01.2021","time":"00:00","currency":"EUR","country":"Germany","address":{"index":"online","city":"online","street":"online","houseNumber":"online"},"payMethod":"EC card","shopName":"OVB","products":[{"name":"Manufaktur Augsburg GmbH","price":20.56,"weightAmount":1,"measure":"piece","discount":0}]}]