[{"date":"16.01.2021","time":"20:32","currency":"EUR","country":"Germany","address":{"index":"20249","city":"Hamburg","street":"Kümmellstraße","houseNumber":"4-8"},"payMethod":"EC card","shopName":"Lidl","products":[{"name":"Mango","price":1.15,"weightAmount":1,"measure":"piece","discount":0},{"name":"Avocado","price":0.96,"weightAmount":2,"measure":"piece","discount":0},{"name":"Müller Kalinka Kefir","price":0.69,"weightAmount":1,"measure":"piece","discount":0},{"name":"Bergader Mild Nussig","price":1.93,"weightAmount":1,"measure":"piece","discount":0},{"name":"Schusterj. Rogge","price":0.28,"weightAmount":1,"measure":"piece","discount":0},{"name":"Käse-Lau.stange","price":0.47,"weightAmount":1,"measure":"piece","discount":0},{"name":"Erdnusskerne","price":0.76,"weightAmount":1,"measure":"piece","discount":0},{"name":"Allzwecktücher + Box","price":4.99,"weightAmount":1,"measure":"piece","discount":0},{"name":"Hähn.br.filetFam.pac","price":5.57,"weightAmount":1,"measure":"piece","discount":0}]}]