[{"date":"19.01.2021","time":"16:57","currency":"EUR","country":"Germany","address":{"index":"22529","city":"Hamburg","street":"Troplowitzstrasse","houseNumber":"8"},"payMethod":"EC card","shopName":"REWE","products":[{"name":"Deli.Schw.Braten","price":1.99,"weightAmount":1,"measure":"piece","discount":0},{"name":"Wacholderschinke","price":2.19,"weightAmount":1,"measure":"piece","discount":0},{"name":"Hänchenbrust","price":0.89,"weightAmount":1,"measure":"piece","discount":0},{"name":"Tilsiter 45% Sch","price":1.99,"weightAmount":1,"measure":"piece","discount":0},{"name":"JA! Maasdamer","price":1.99,"weightAmount":2,"measure":"piece","discount":0},{"name":"Vital und fit","price":1.39,"weightAmount":2,"measure":"piece","discount":0},{"name":"Orange","price":1.99,"weightAmount":1.342,"measure":"kg","description":"EUR","discount":0},{"name":"Banane","price":1.99,"weightAmount":0.71,"measure":"kg","description":"Chiquita","discount":0},{"name":"Traub. Dun. Kernl.","price":2.29,"weightAmount":1,"measure":"piece","discount":0},{"name":"Kiwi","price":0.19,"weightAmount":6,"measure":"piece","discount":0},{"name":"Zwiebel","price":0.99,"weightAmount":0.384,"measure":"kg","discount":0},{"name":"Eier","price":1.89,"weightAmount":1,"measure":"piece","description":"Bodenhaltung M","discount":0},{"name":"Wiedemilch 3.9%","price":0.85,"weightAmount":3,"measure":"piece","discount":0},{"name":"Farfalle Al Bro","price":0.99,"weightAmount":1,"measure":"piece","discount":0},{"name":"Fusil Tricol Bro","price":0.99,"weightAmount":1,"measure":"piece","discount":0},{"name":"Kernige Flocken","price":1.29,"weightAmount":2,"measure":"piece","discount":0},{"name":"Schlaf+Nerventee","price":1.09,"weightAmount":2,"measure":"piece","discount":0},{"name":"Pfeffer Sw. Gem.","price":2.29,"weightAmount":1,"measure":"piece","discount":0},{"name":"Sanpellegrino Dose","price":0.99,"weightAmount":1,"measure":"piece","description":"Orange","discount":0},{"name":"Pfand","price":0.25,"weightAmount":1,"measure":"piece","description":"Sanpellegrino Dose","discount":0},{"name":"Uludag Getränk","price":0.79,"weightAmount":5,"measure":"piece","description":"Gazoz","discount":0},{"name":"Pfand","price":0.25,"weightAmount":5,"measure":"piece","description":"Uludag Getränk","discount":0},{"name":"Haushaltsschwamm","price":0.99,"weightAmount":1,"measure":"piece","discount":0},{"name":"Tablett 30cm Edel","price":2,"weightAmount":1,"measure":"piece","discount":0},{"name":"Leerg. MW V. ST","price":-0.15,"weightAmount":17,"measure":"piece","discount":0},{"name":"Leergut Einweg","price":-0.25,"weightAmount":6,"measure":"piece","discount":0}]}]