[{"date":"21.01.2021","time":"16:31","currency":"EUR","country":"Germany","address":{"index":"20251","city":"Hamburg","street":"Eppendorfer Marktplatz","houseNumber":"2"},"payMethod":"EC card","shopName":"Apotheke a.d. Friedenseiche Nikolaus Wendel","products":[{"name":"Elmex Gelee Gel","price":10.65,"weightAmount":1,"measure":"piece","description":"25g","discount":0}]},{"date":"21.01.2021","time":"00:00","currency":"EUR","country":"Germany","address":{"index":"online","city":"online","street":"online","houseNumber":"online"},"payMethod":"EC card","shopName":"Vodavone GmbH","products":[{"name":"Mobilfunk","price":36.22,"weightAmount":1,"measure":"piece","description":"Vodafone","discount":0}]}]