[{"date":"26.01.2021","time":"00:00","currency":"EUR","country":"Germany","address":{"index":"online","city":"online","street":"online","houseNumber":"online"},"payMethod":"EC card","shopName":"Telekom Deutschland GmbH","products":[{"name":"Mobilfunk","price":19.32,"weightAmount":1,"measure":"piece","discount":0}]},{"date":"26.01.2021","time":"00:01","currency":"EUR","country":"Germany","address":{"index":"online","city":"online","street":"online","houseNumber":"online"},"payMethod":"EC card","shopName":"Ernst Scholz","products":[{"name":"Change","price":-17.5,"weightAmount":1,"measure":"piece","description":"Change for paying more earlier","discount":0}]}]