[{"date":"27.01.2021","time":"21:27","currency":"EUR","country":"Germany","address":{"index":"22529","city":"Hamburg","street":"Troplowitzstrasse","houseNumber":"8"},"payMethod":"EC card","shopName":"REWE","products":[{"name":"Hänchenfilet","price":2.19,"weightAmount":1,"measure":"piece","description":"W.","discount":0},{"name":"Delikatess Kochschinken","price":1.49,"weightAmount":1,"measure":"piece","discount":0},{"name":"Tilsiter 45% Sch","price":1.99,"weightAmount":1,"measure":"piece","discount":0},{"name":"Sahne-Hefi Natur","price":1.35,"weightAmount":1,"measure":"piece","discount":0},{"name":"Kräuterbutter-Baguette","price":1.19,"weightAmount":1,"measure":"piece","discount":0},{"name":"Mandarine","price":2.49,"weightAmount":1,"measure":"piece","discount":0},{"name":"Banane","price":1.89,"weightAmount":0.948,"measure":"kg","description":"BIO","discount":0},{"name":"Granatapel","price":0.99,"weightAmount":1,"measure":"piece","discount":0},{"name":"Salatgurke","price":1.25,"weightAmount":2,"measure":"piece","discount":0},{"name":"Eier","price":1.29,"weightAmount":1,"measure":"piece","description":"JA! Bodenhaltung","discount":0},{"name":"Weidebutter Sues","price":1.39,"weightAmount":1,"measure":"piece","discount":0},{"name":"Wiedemilch 3.9%","price":0.85,"weightAmount":2,"measure":"piece","discount":0},{"name":"Naturjogh. 3.5%","price":1.19,"weightAmount":1,"measure":"piece","discount":0},{"name":"Prosciutto","price":3.49,"weightAmount":1,"measure":"piece","description":"E For","discount":0},{"name":"Beerenmuesli","price":2.99,"weightAmount":1,"measure":"piece","discount":0},{"name":"Kirschkonfituere","price":2.19,"weightAmount":1,"measure":"piece","discount":0},{"name":"Sour Cre. & Oni.","price":1.59,"weightAmount":1,"measure":"piece","discount":0},{"name":"Pistazien Gesalzen","price":3.79,"weightAmount":1,"measure":"piece","discount":0},{"name":"Gelee-Bananen","price":1.15,"weightAmount":3,"measure":"piece","discount":0}]},{"date":"27.01.2021","time":"00:00","currency":"EUR","country":"Germany","address":{"index":"online","city":"online","street":"online","houseNumber":"online"},"payMethod":"EC card","shopName":"OVB","products":[{"name":"Manufaktur Augsburg GmbH","price":20.56,"weightAmount":1,"measure":"piece","discount":0}]}]