[{"date":"29.01.2021","time":"18:29","currency":"EUR","country":"Germany","address":{"index":"22529","city":"Hamburg","street":"Osterfeldestrasse","houseNumber":"30-40"},"payMethod":"EC card","shopName":"Edeka","products":[{"name":"Müller Kalinka Kefir","price":0.99,"weightAmount":2,"measure":"piece","discount":0},{"name":"Heinz Barbec. Sauce","price":1.59,"weightAmount":1,"measure":"piece","discount":0},{"name":"Aranciata","price":0.99,"weightAmount":1,"measure":"piece","description":"0.33l","discount":0},{"name":"Pfand","price":0.25,"weightAmount":1,"measure":"piece","discount":0},{"name":"Hoch. Burg. Scheib.","price":1.99,"weightAmount":1,"measure":"piece","discount":0},{"name":"Mandarine","price":1,"weightAmount":1,"measure":"piece","description":"YA","discount":0},{"name":"G&G Frischedeckel","price":0.99,"weightAmount":1,"measure":"piece","discount":0},{"name":"Hareico Weißwurst","price":2.99,"weightAmount":1,"measure":"piece","discount":0},{"name":"Rind Hackfleisch","price":3.49,"weightAmount":1,"measure":"piece","description":"GF","discount":0},{"name":"Philadelphia","price":0.77,"weightAmount":1,"measure":"piece","description":"Käse","discount":0},{"name":"Melonen","price":2.99,"weightAmount":1,"measure":"piece","description":"Galia","discount":0},{"name":"E.Craft Burg.Buns","price":1.79,"weightAmount":1,"measure":"piece","discount":0},{"name":"Lindt Creation Himbeere De Luxe","price":2.99,"weightAmount":2,"measure":"piece","discount":0},{"name":"Lindt Mous.Bl.Lav.","price":2.99,"weightAmount":1,"measure":"piece","discount":0},{"name":"Hansano Weidemilch","price":0.69,"weightAmount":1,"measure":"piece","discount":0},{"name":"Arko Geleefrüchte","price":2.29,"weightAmount":1,"measure":"piece","discount":0},{"name":"Trauben Dunkel","price":5.9,"weightAmount":0.736,"measure":"kg","discount":0},{"name":"Mini Romanasalat","price":1.99,"weightAmount":1,"measure":"piece","discount":0},{"name":"Tomaten Rispen","price":3.99,"weightAmount":0.672,"measure":"kg","discount":0}]},{"date":"29.01.2021","time":"00:00","currency":"EUR","country":"Germany","address":{"index":"online","city":"online","street":"online","houseNumber":"online"},"payMethod":"EC card","shopName":"Ernst Scholz","products":[{"name":"Wohnungsmiere","price":1260,"weightAmount":1,"measure":"piece","description":"Monthly","discount":0}]},{"date":"29.01.2021","time":"00:01","currency":"EUR","country":"Germany","address":{"index":"online","city":"online","street":"online","houseNumber":"online"},"payMethod":"EC card","shopName":"Sparkasse","products":[{"name":"Entgeltabschluss","price":7.95,"weightAmount":1,"measure":"piece","discount":0}]}]