[{"date":"30.12.2020","time":"17:28","currency":"EUR","country":"Germany","address":{"index":"22761","city":"Hamburg","street":"Stresemannstrasse","houseNumber":"300"},"payMethod":"EC card","shopName":"Kaufland","products":[{"name":"Rotk. Alkoholfrei","price":0.84,"weightAmount":2,"measure":"piece","discount":0},{"name":"Mumm Alkoholfrei","price":2.97,"weightAmount":2,"measure":"piece","discount":0},{"name":"Rotk. Rose Alkoholfrei","price":3.87,"weightAmount":1,"measure":"piece","discount":0},{"name":"Henkell Alkoholfrei","price":4.86,"weightAmount":1,"measure":"piece","discount":0},{"name":"Sebamed Intim Waschgel","price":4.34,"weightAmount":1,"measure":"piece","discount":0},{"name":"Durex Überrasch' Mich","price":14.57,"weightAmount":1,"measure":"piece","discount":0},{"name":"Naturebox Spülung","price":3.46,"weightAmount":1,"measure":"piece","discount":0},{"name":"Glade Autom. Spray","price":3.85,"weightAmount":1,"measure":"piece","discount":0},{"name":"Domestos WC-Gel","price":1.32,"weightAmount":1,"measure":"piece","discount":0},{"name":"Schmutzradierer","price":1.9,"weightAmount":1,"measure":"piece","discount":0},{"name":"Frosch Oase","price":2.88,"weightAmount":1,"measure":"piece","description":"Orange","discount":0},{"name":"Cillit Bang WC-St.","price":0.96,"weightAmount":1,"measure":"piece","discount":0},{"name":"Hackfleisch gemischt","price":3.2,"weightAmount":1,"measure":"piece","discount":0},{"name":"Hähnchen Unterschenkel","price":3.65,"weightAmount":1,"measure":"piece","discount":0},{"name":"Räucherhaus Holz","price":4.86,"weightAmount":1,"measure":"piece","discount":0},{"name":"Mütze Wmann","price":7.79,"weightAmount":1,"measure":"piece","discount":0},{"name":"Schneewatte","price":1.95,"weightAmount":1,"measure":"piece","discount":0},{"name":"White tree MIDI","price":0.73,"weightAmount":1,"measure":"piece","discount":0},{"name":"Zierband WH","price":1.46,"weightAmount":2,"measure":"piece","discount":0},{"name":"Weihnachtsdeko","price":1.46,"weightAmount":1,"measure":"piece","discount":0},{"name":"Bilderrahmen 10x15","price":4.89,"weightAmount":1,"measure":"piece","discount":0},{"name":"Höhrgerätbat813450","price":2.91,"weightAmount":1,"measure":"piece","discount":0},{"name":"Weinkäse","price":2.42,"weightAmount":1,"measure":"piece","discount":0},{"name":"Amarettino Dessert","price":1.56,"weightAmount":1,"measure":"piece","discount":0},{"name":"Dilek Helva Pist.","price":2.93,"weightAmount":1,"measure":"piece","discount":0},{"name":"Dilek Helva Kakao","price":2.44,"weightAmount":2,"measure":"piece","discount":0},{"name":"KBio. Bandnudeln","price":1.45,"weightAmount":1,"measure":"piece","description":"500g","discount":0},{"name":"Seeb. Walnusskerne","price":3.68,"weightAmount":1,"measure":"piece","discount":0},{"name":"Ingwer","price":0.31,"weightAmount":1,"measure":"piece","description":"0.046kg","discount":0},{"name":"Champignons","price":1.95,"weightAmount":1,"measure":"piece","description":"200g","discount":0},{"name":"Clementine","price":2.93,"weightAmount":1,"measure":"piece","description":"2.3kg","discount":0},{"name":"Lays Gesalzen","price":1.56,"weightAmount":1,"measure":"piece","discount":0},{"name":"Pringles Original","price":1.15,"weightAmount":1,"measure":"piece","discount":0},{"name":"Almondy Daim Torte","price":4.9,"weightAmount":2,"measure":"piece","discount":0},{"name":"Mehrkornbrot","price":1.39,"weightAmount":1,"measure":"piece","discount":0},{"name":"KLC Salami","price":1.83,"weightAmount":1,"measure":"piece","description":"125g","discount":0},{"name":"Ungarische Salami","price":3.95,"weightAmount":1,"measure":"piece","discount":0}]},{"date":"30.12.2020","time":"21:29","currency":"EUR","country":"Germany","address":{"index":"online","city":"online","street":"online","houseNumber":"online"},"payMethod":"N26 card","shopName":"Amazon.de","products":[{"name":"Prime Video","price":4.99,"weightAmount":1,"measure":"piece","description":"Top Gear, Patagonia Special","discount":0}]},{"date":"30.12.2020","time":"00:00","currency":"EUR","country":"Germany","address":{"index":"online","city":"online","street":"online","houseNumber":"online"},"payMethod":"EC card","shopName":"Ernst Scholz","products":[{"name":"Wohnungsmiere","price":1260,"weightAmount":1,"measure":"piece","description":"Per month","discount":0}]},{"date":"30.12.2020","time":"00:01","currency":"EUR","country":"Germany","address":{"index":"online","city":"online","street":"online","houseNumber":"online"},"payMethod":"EC card","shopName":"Sparkasse","products":[{"name":"Entgeltabschluss","price":7.95,"weightAmount":1,"measure":"piece","discount":0}]}]